Resid 1	Resid 2	total energy	SD
PRO  31	LYS 448	-2.187	1.553
ASP  32	LYS 448	-8.019	3.003
TYR  33	LYS 445	-2.725	0.905
TRP  53	PRO 447	-3.338	0.57
GLY  54	PRO 447	-1.509	0.421
GLY  54	SER 449	-1.222	0.745
SER  55	PRO 447	-1.216	0.274
SER  55	LYS 448	-1.978	0.42
SER  55	SER 449	-1.263	0.277
GLU  56	LYS  72	-1.171	0.451
GLU  56	PRO 327	-1.528	0.466
THR  57	PRO 327	-3.323	1.573
THR  57	SER 328	-1.769	1.21
THR  58	SER 328	-1.838	1.996
THR  58	LYS 330	-2.994	1.688
TYR  59	LYS 330	-3.223	1.182
LYS  72	GLU  56	-1.168	0.448
ASN  74	THR 272	-1.815	1.673
TYR 101	ARG 388	-1.548	1.282
TYR 101	PRO 389	-2.478	1.657
TYR 101	GLU 390	-3.875	3.651
TYR 101	PRO 444	-1.7	0.601
TYR 102	LYS 380	-1.208	1.098
TYR 102	TYR 382	-1.979	1.786
GLY 103	GLU 390	-2.938	1.161
GLY 104	GLU 390	-3.35	1.458
TYR 106	ARG 388	-3.152	1.524
TYR 168	ARG 388	-1.385	1.937
TYR 168	GLU 390	-2.599	3.295
ASN 228	LYS 386	-1.75	2.323
THR 272	ASN  74	-1.793	1.654
PRO 327	GLU  56	-1.518	0.465
PRO 327	THR  57	-3.301	1.571
SER 328	THR  57	-1.76	1.204
SER 328	THR  58	-1.816	1.972
LYS 330	THR  58	-3.001	1.685
LYS 330	TYR  59	-3.268	1.205
LYS 380	TYR 102	-1.248	1.132
TYR 382	TYR 102	-1.967	1.775
LYS 386	ASN 228	-1.775	2.353
ARG 388	TYR 101	-1.575	1.3
ARG 388	GLY 104	-1.009	0.954
ARG 388	TYR 106	-3.263	1.54
ARG 388	TYR 168	-1.408	1.949
ARG 388	GLU 390	-4.273	2.287
PRO 389	TYR 101	-2.488	1.68
GLU 390	TYR 101	-3.886	3.657
GLU 390	GLY 103	-2.924	1.156
GLU 390	GLY 104	-3.316	1.46
GLU 390	TYR 168	-2.609	3.312
GLU 390	ARG 388	-4.329	2.319
PRO 444	TYR 101	-1.687	0.605
LYS 445	TYR  33	-2.78	0.914
PRO 447	TRP  53	-3.318	0.579
PRO 447	GLY  54	-1.495	0.423
PRO 447	SER  55	-1.217	0.276
LYS 448	PRO  31	-2.224	1.551
LYS 448	ASP  32	-8.116	3.01
LYS 448	GLY  54	-1.011	0.461
LYS 448	SER  55	-1.974	0.416
SER 449	GLY  54	-1.253	0.747
SER 449	SER  55	-1.253	0.275
